Freq.,V(ideal_out).mag,V(ideal_out).phase,V(lpf_3rd_lt1818).mag,V(lpf_3rd_lt1818).phase
10000,60.79725364,-0.066293058,61.14354226,-0.073605411
10115.79454,60.79725359,-0.067060695,61.1435422,-0.074457721
10232.92992,60.79725353,-0.067837221,61.14354214,-0.075319901
10351.42167,60.79725347,-0.068622739,61.14354208,-0.076192064
10471.28548,60.79725341,-0.069417353,61.14354202,-0.077074326
10592.53725,60.79725335,-0.070221168,61.14354195,-0.077966805
10715.19305,60.79725328,-0.071034291,61.14354189,-0.078869617
10839.26914,60.79725322,-0.071856829,61.14354182,-0.079782884
10964.78196,60.79725315,-0.072688891,61.14354175,-0.080706726
11091.74815,60.79725308,-0.073530589,61.14354168,-0.081641266
11220.18454,60.79725301,-0.074382033,61.14354161,-0.082586627
11350.10816,60.79725294,-0.075243336,61.14354153,-0.083542935
11481.53621,60.79725287,-0.076114613,61.14354146,-0.084510316
11614.48614,60.7972528,-0.076995978,61.14354138,-0.085488899
11748.97555,60.79725272,-0.077887549,61.1435413,-0.086478814
11885.02227,60.79725264,-0.078789444,61.14354122,-0.087480191
12022.64435,60.79725256,-0.079701783,61.14354114,-0.088493164
12161.86001,60.79725248,-0.080624686,61.14354105,-0.089517866
12302.68771,60.7972524,-0.081558275,61.14354096,-0.090554434
12445.14612,60.79725231,-0.082502676,61.14354087,-0.091603005
12589.25412,60.79725222,-0.083458011,61.14354078,-0.092663717
12735.03081,60.79725213,-0.084424409,61.14354069,-0.093736712
12882.49552,60.79725204,-0.085401997,61.14354059,-0.094822132
13031.66778,60.79725195,-0.086390906,61.1435405,-0.09592012
13182.56739,60.79725185,-0.087391265,61.1435404,-0.097030822
13335.21432,60.79725175,-0.088403208,61.14354029,-0.098154386
13489.62883,60.79725165,-0.089426868,61.14354019,-0.09929096
13645.83137,60.79725155,-0.090462382,61.14354008,-0.100440694
13803.84265,60.79725145,-0.091509887,61.14353997,-0.101603742
13963.68361,60.79725134,-0.092569521,61.14353986,-0.102780258
14125.37545,60.79725123,-0.093641425,61.14353974,-0.103970397
14288.93959,60.79725111,-0.094725742,61.14353963,-0.105174317
14454.39771,60.797251,-0.095822614,61.14353951,-0.106392177
14621.77174,60.79725088,-0.096932187,61.14353938,-0.10762414
14791.08388,60.79725076,-0.098054608,61.14353926,-0.108870369
14962.35656,60.79725064,-0.099190027,61.14353913,-0.110131028
15135.61248,60.79725051,-0.100338593,61.143539,-0.111406284
15310.87462,60.79725038,-0.101500458,61.14353886,-0.112696308
15488.16619,60.79725025,-0.102675778,61.14353872,-0.114001269
15667.5107,60.79725011,-0.103864707,61.14353858,-0.115321341
15848.93192,60.79724997,-0.105067403,61.14353844,-0.116656698
16032.45391,60.79724983,-0.106284025,61.14353829,-0.118007519
16218.10097,60.79724969,-0.107514736,61.14353814,-0.119373981
16405.89773,60.79724954,-0.108759697,61.14353798,-0.120756266
16595.86907,60.79724938,-0.110019075,61.14353782,-0.122154556
16788.04018,60.79724923,-0.111293035,61.14353766,-0.123569039
16982.43652,60.79724907,-0.112581747,61.14353749,-0.1249999
17179.08387,60.79724891,-0.113885381,61.14353732,-0.12644733
17378.00829,60.79724874,-0.115204111,61.14353715,-0.12791152
17579.23614,60.79724857,-0.116538111,61.14353697,-0.129392665
17782.7941,60.79724839,-0.117887558,61.14353679,-0.130890961
17988.70915,60.79724822,-0.119252631,61.1435366,-0.132406606
18197.00859,60.79724803,-0.120633511,61.14353641,-0.133939801
18407.72001,60.79724784,-0.12203038,61.14353622,-0.13549075
18620.87137,60.79724765,-0.123443424,61.14353602,-0.137059658
18836.49089,60.79724746,-0.124872831,61.14353581,-0.138646733
19054.60718,60.79724726,-0.126318789,61.1435356,-0.140252185
19275.24913,60.79724705,-0.127781491,61.14353539,-0.141876228
19498.446,60.79724684,-0.12926113,61.14353517,-0.143519076
19724.22736,60.79724663,-0.130757902,61.14353495,-0.145180948
19952.62315,60.79724641,-0.132272006,61.14353472,-0.146862063
20183.66364,60.79724618,-0.133803643,61.14353448,-0.148562644
20417.37945,60.79724595,-0.135353015,61.14353424,-0.150282917
20653.80156,60.79724571,-0.136920328,61.143534,-0.15202311
20892.96131,60.79724547,-0.138505789,61.14353375,-0.153783453
21134.8904,60.79724523,-0.14010961,61.14353349,-0.15556418
21379.6209,60.79724497,-0.141732001,61.14353323,-0.157365527
21627.18524,60.79724472,-0.143373179,61.14353296,-0.159187732
21877.61624,60.79724445,-0.145033361,61.14353268,-0.161031038
22130.9471,60.79724418,-0.146712767,61.1435324,-0.162895688
22387.21139,60.7972439,-0.148411619,61.14353211,-0.164781929
22646.44308,60.79724362,-0.150130143,61.14353181,-0.166690012
22908.67653,60.79724333,-0.151868567,61.14353151,-0.16862019
23173.9465,60.79724303,-0.15362712,61.1435312,-0.170572718
23442.28815,60.79724273,-0.155406037,61.14353089,-0.172547855
23713.73706,60.79724242,-0.157205552,61.14353056,-0.174545863
23988.32919,60.7972421,-0.159025905,61.14353023,-0.176567006
24266.10095,60.79724178,-0.160867336,61.14352989,-0.178611554
24547.08916,60.79724144,-0.16273009,61.14352954,-0.180679776
24831.33105,60.7972411,-0.164614414,61.14352919,-0.182771947
25118.86432,60.79724075,-0.166520557,61.14352882,-0.184888344
25409.72706,60.7972404,-0.168448772,61.14352845,-0.187029247
25703.95783,60.79724003,-0.170399314,61.14352807,-0.189194941
26001.59563,60.79723966,-0.172372443,61.14352768,-0.191385713
26302.67992,60.79723927,-0.174368419,61.14352728,-0.193601852
26607.2506,60.79723888,-0.176387508,61.14352688,-0.195843653
26915.34804,60.79723848,-0.178429977,61.14352646,-0.198111413
27227.01308,60.79723807,-0.180496096,61.14352603,-0.200405432
27542.28703,60.79723765,-0.182586139,61.14352559,-0.202726014
27861.21169,60.79723723,-0.184700384,61.14352515,-0.205073467
28183.82931,60.79723679,-0.186839111,61.14352469,-0.207448103
28510.18268,60.79723634,-0.189002603,61.14352422,-0.209850235
28840.31503,60.79723588,-0.191191147,61.14352374,-0.212280183
29174.27014,60.79723541,-0.193405033,61.14352325,-0.214738268
29512.09227,60.79723493,-0.195644554,61.14352275,-0.217224816
29853.82619,60.79723443,-0.197910008,61.14352224,-0.219740157
30199.5172,60.79723393,-0.200201694,61.14352171,-0.222284624
30549.21113,60.79723341,-0.202519917,61.14352117,-0.224858554
30902.95433,60.79723289,-0.204864983,61.14352062,-0.227462289
31260.79367,60.79723235,-0.207237204,61.14352006,-0.230096173
31622.7766,60.79723179,-0.209636893,61.14351948,-0.232760557
31988.9511,60.79723123,-0.21206437,61.14351889,-0.235455792
32359.36569,60.79723065,-0.214519955,61.14351829,-0.238182236
32734.06949,60.79723006,-0.217003975,61.14351767,-0.240940251
33113.11215,60.79722945,-0.219516757,61.14351704,-0.243730202
33496.54392,60.79722883,-0.222058637,61.1435164,-0.246552459
33884.41561,60.7972282,-0.224629949,61.14351573,-0.249407396
34276.77865,60.79722755,-0.227231036,61.14351506,-0.252295392
34673.68505,60.79722688,-0.229862242,61.14351436,-0.255216829
35075.1874,60.7972262,-0.232523916,61.14351366,-0.258172094
35481.33892,60.79722551,-0.23521641,61.14351293,-0.261161579
35892.19346,60.79722479,-0.237940082,61.14351219,-0.26418568
36307.80548,60.79722407,-0.240695292,61.14351143,-0.267244799
36728.23005,60.79722332,-0.243482406,61.14351065,-0.270339341
37153.52291,60.79722256,-0.246301792,61.14350986,-0.273469715
37583.74043,60.79722178,-0.249153826,61.14350904,-0.276636337
38018.93963,60.79722098,-0.252038884,61.14350821,-0.279839626
38459.1782,60.79722016,-0.254957349,61.14350736,-0.283080008
38904.5145,60.79721932,-0.257909608,61.14350649,-0.286357911
39355.00755,60.79721847,-0.260896053,61.14350559,-0.28967377
39810.71706,60.79721759,-0.263917079,61.14350468,-0.293028025
40271.70343,60.7972167,-0.266973086,61.14350375,-0.296421119
40738.02778,60.79721578,-0.27006448,61.14350279,-0.299853504
41209.75191,60.79721484,-0.27319167,61.14350181,-0.303325633
41686.93835,60.79721388,-0.276355071,61.14350081,-0.306837968
42169.65034,60.7972129,-0.279555102,61.14349978,-0.310390973
42657.95188,60.79721189,-0.282792187,61.14349874,-0.313985119
43151.90768,60.79721086,-0.286066756,61.14349766,-0.317620883
43651.58322,60.79720981,-0.289379242,61.14349657,-0.321298747
44157.04474,60.79720873,-0.292730085,61.14349544,-0.325019198
44668.35922,60.79720763,-0.296119728,61.14349429,-0.32878273
45185.59444,60.7972065,-0.29954862,61.14349312,-0.33258984
45708.81896,60.79720535,-0.303017217,61.14349191,-0.336441035
46238.10214,60.79720416,-0.306525979,61.14349068,-0.340336823
46773.51413,60.79720296,-0.310075369,61.14348942,-0.344277722
47315.1259,60.79720172,-0.313665858,61.14348813,-0.348264254
47863.00923,60.79720045,-0.317297924,61.14348681,-0.352296948
48417.23676,60.79719916,-0.320972046,61.14348546,-0.356376337
48977.88194,60.79719783,-0.324688711,61.14348408,-0.360502963
49545.01908,60.79719647,-0.328448414,61.14348266,-0.364677372
50118.72336,60.79719509,-0.332251651,61.14348122,-0.368900118
50699.07083,60.79719367,-0.336098926,61.14347974,-0.37317176
51286.1384,60.79719221,-0.339990751,61.14347822,-0.377492865
51880.00389,60.79719072,-0.34392764,61.14347667,-0.381864005
52480.74602,60.7971892,-0.347910115,61.14347508,-0.38628576
53088.44442,60.79718764,-0.351938705,61.14347346,-0.390758716
53703.17964,60.79718605,-0.356013943,61.1434718,-0.395283465
54325.03315,60.79718442,-0.360136369,61.1434701,-0.399860608
54954.08739,60.79718275,-0.36430653,61.14346836,-0.40449075
55590.42573,60.79718104,-0.368524979,61.14346658,-0.409174506
56234.13252,60.7971793,-0.372792274,61.14346475,-0.413912497
56885.29308,60.79717751,-0.377108981,61.14346289,-0.41870535
57543.99373,60.79717568,-0.381475672,61.14346098,-0.423553701
58210.32178,60.7971738,-0.385892926,61.14345903,-0.428458191
58884.36554,60.79717189,-0.390361329,61.14345703,-0.433419473
59566.21435,60.79716993,-0.394881473,61.14345499,-0.438438202
60255.95861,60.79716792,-0.399453956,61.1434529,-0.443515044
60953.68972,60.79716587,-0.404079385,61.14345076,-0.448650671
61659.50019,60.79716377,-0.408758373,61.14344857,-0.453845766
62373.48355,60.79716162,-0.413491541,61.14344632,-0.459101015
63095.73445,60.79715942,-0.418279514,61.14344403,-0.464417117
63826.34862,60.79715717,-0.423122929,61.14344168,-0.469794774
64565.4229,60.79715486,-0.428022426,61.14343928,-0.4752347
65313.05526,60.7971525,-0.432978656,61.14343682,-0.480737617
66069.3448,60.79715009,-0.437992275,61.14343431,-0.486304252
66834.39176,60.79714762,-0.443063947,61.14343174,-0.491935345
67608.29754,60.7971451,-0.448194346,61.1434291,-0.497631641
68391.16473,60.79714251,-0.45338415,61.14342641,-0.503393896
69183.09709,60.79713987,-0.458634048,61.14342365,-0.509222872
69984.1996,60.79713716,-0.463944735,61.14342083,-0.515119343
70794.57844,60.79713439,-0.469316916,61.14341794,-0.52108409
71614.34102,60.79713156,-0.474751301,61.14341499,-0.527117904
72443.59601,60.79712866,-0.480248613,61.14341196,-0.533221584
73282.45331,60.79712569,-0.485809578,61.14340887,-0.53939594
74131.02413,60.79712265,-0.491434935,61.1434057,-0.545641789
74989.42093,60.79711954,-0.497125428,61.14340246,-0.551959959
75857.7575,60.79711636,-0.502881812,61.14339915,-0.558351288
76736.14894,60.79711311,-0.50870485,61.14339575,-0.564816623
77624.71166,60.79710978,-0.514595314,61.14339228,-0.57135682
78523.56346,60.79710637,-0.520553983,61.14338873,-0.577972747
79432.82347,60.79710288,-0.526581649,61.14338509,-0.58466528
80352.61222,60.79709932,-0.532679109,61.14338137,-0.591435307
81283.05162,60.79709567,-0.538847173,61.14337757,-0.598283724
82224.26499,60.79709193,-0.545086656,61.14337367,-0.605211439
83176.37711,60.79708811,-0.551398387,61.14336969,-0.61221937
84139.51416,60.79708419,-0.557783202,61.14336561,-0.619308446
85113.80382,60.79708019,-0.564241946,61.14336143,-0.626479606
86099.37522,60.79707609,-0.570775477,61.14335716,-0.633733802
87096.359,60.7970719,-0.577384659,61.14335279,-0.641071993
88104.8873,60.79706761,-0.584070369,61.14334832,-0.648495154
89125.09381,60.79706322,-0.590833493,61.14334374,-0.656004266
90157.11376,60.79705873,-0.597674927,61.14333906,-0.663600327
91201.08394,60.79705413,-0.604595577,61.14333427,-0.671284342
92257.14272,60.79704943,-0.611596361,61.14332937,-0.679057329
93325.43008,60.79704462,-0.618678207,61.14332435,-0.68692032
94406.08763,60.79703969,-0.625842053,61.14331921,-0.694874355
95499.2586,60.79703465,-0.633088849,61.14331396,-0.702920489
96605.0879,60.79702949,-0.640419555,61.14330858,-0.711059788
97723.7221,60.79702421,-0.647835142,61.14330308,-0.719293331
98855.30947,60.79701881,-0.655336593,61.14329745,-0.727622209
100000,60.79701329,-0.662924903,61.14329169,-0.736047526
101157.9454,60.79700763,-0.670601076,61.14328579,-0.744570398
102329.2992,60.79700185,-0.678366131,61.14327976,-0.753191955
103514.2167,60.79699592,-0.686221096,61.14327359,-0.761913339
104712.8548,60.79698986,-0.694167012,61.14326727,-0.770735706
105925.3725,60.79698366,-0.702204932,61.14326081,-0.779660225
107151.9305,60.79697732,-0.710335921,61.14325419,-0.788688078
108392.6914,60.79697083,-0.718561057,61.14324742,-0.797820463
109647.8196,60.79696418,-0.72688143,61.1432405,-0.807058589
110917.4815,60.79695738,-0.735298142,61.14323341,-0.816403681
112201.8454,60.79695043,-0.743812309,61.14322615,-0.825856976
113501.0816,60.79694331,-0.752425058,61.14321873,-0.835419728
114815.3621,60.79693602,-0.761137532,61.14321114,-0.845093204
116144.8614,60.79692857,-0.769950885,61.14320337,-0.854878685
117489.7555,60.79692094,-0.778866284,61.14319541,-0.864777468
118850.2227,60.79691313,-0.787884912,61.14318728,-0.874790865
120226.4435,60.79690514,-0.797007962,61.14317895,-0.884920203
121618.6001,60.79689697,-0.806236645,61.14317043,-0.895166824
123026.8771,60.79688861,-0.815572182,61.14316171,-0.905532085
124451.4612,60.79688005,-0.825015811,61.14315278,-0.916017361
125892.5412,60.79687129,-0.834568783,61.14314365,-0.92662404
127350.3081,60.79686233,-0.844232365,61.14313431,-0.937353529
128824.9552,60.79685315,-0.854007836,61.14312475,-0.948207247
130316.6778,60.79684377,-0.863896492,61.14311496,-0.959186635
131825.6739,60.79683417,-0.873899642,61.14310495,-0.970293146
133352.1432,60.79682434,-0.884018614,61.14309471,-0.981528253
134896.2883,60.79681428,-0.894254746,61.14308422,-0.992893443
136458.3137,60.79680399,-0.904609397,61.1430735,-1.004390222
138038.4265,60.79679346,-0.915083936,61.14306252,-1.016020115
139636.8361,60.79678269,-0.925679754,61.14305129,-1.027784662
141253.7545,60.79677166,-0.936398252,61.14303979,-1.039685421
142889.3959,60.79676038,-0.947240852,61.14302803,-1.051723969
144543.9771,60.79674883,-0.95820899,61.14301599,-1.063901902
146217.7174,60.79673702,-0.969304119,61.14300368,-1.076220832
147910.8388,60.79672493,-0.980527709,61.14299107,-1.088682393
149623.5656,60.79671256,-0.991881248,61.14297817,-1.101288234
151356.1248,60.7966999,-1.003366239,61.14296498,-1.114040026
153108.7462,60.79668694,-1.014984204,61.14295147,-1.126939458
154881.6619,60.79667369,-1.026736682,61.14293765,-1.13998824
156675.107,60.79666012,-1.03862523,61.14292351,-1.1531881
158489.3192,60.79664624,-1.050651424,61.14290904,-1.166540787
160324.5391,60.79663204,-1.062816856,61.14289423,-1.180048069
162181.0097,60.7966175,-1.075123138,61.14287908,-1.193711736
164058.9773,60.79660263,-1.087571901,61.14286357,-1.207533598
165958.6907,60.79658741,-1.100164794,61.14284771,-1.221515487
167880.4018,60.79657183,-1.112903484,61.14283147,-1.235659254
169824.3652,60.7965559,-1.125789659,61.14281485,-1.249966773
171790.8387,60.79653959,-1.138825027,61.14279785,-1.264439939
173780.0829,60.7965229,-1.152011315,61.14278046,-1.279080669
175792.3614,60.79650582,-1.165350268,61.14276265,-1.293890903
177827.941,60.79648835,-1.178843654,61.14274444,-1.308872603
179887.0915,60.79647047,-1.19249326,61.14272579,-1.324027753
181970.0859,60.79645217,-1.206300895,61.14270672,-1.33935836
184077.2001,60.79643344,-1.220268387,61.1426872,-1.354866456
186208.7137,60.79641428,-1.234397586,61.14266722,-1.370554093
188364.9089,60.79639468,-1.248690364,61.14264678,-1.38642335
190546.0718,60.79637461,-1.263148614,61.14262587,-1.402476329
192752.4913,60.79635408,-1.277774251,61.14260446,-1.418715157
194984.46,60.79633307,-1.292569212,61.14258256,-1.435141982
197242.2736,60.79631157,-1.307535456,61.14256015,-1.451758982
199526.2315,60.79628958,-1.322674966,61.14253722,-1.468568357
201836.6364,60.79626706,-1.337989747,61.14251375,-1.485572334
204173.7945,60.79624403,-1.353481827,61.14248974,-1.502773163
206538.0156,60.79622046,-1.369153258,61.14246516,-1.520173123
208929.6131,60.79619634,-1.385006115,61.14244002,-1.537774519
211348.904,60.79617165,-1.401042498,61.14241428,-1.55557968
213796.209,60.7961464,-1.41726453,61.14238795,-1.573590966
216271.8524,60.79612055,-1.433674359,61.14236101,-1.59181076
218776.1624,60.7960941,-1.450274159,61.14233344,-1.610241476
221309.471,60.79606704,-1.467066128,61.14230523,-1.628885554
223872.1139,60.79603934,-1.484052488,61.14227635,-1.647745462
226464.4308,60.79601101,-1.50123549,61.14224681,-1.666823698
229086.7653,60.79598201,-1.518617409,61.14221658,-1.686122789
231739.465,60.79595233,-1.536200545,61.14218565,-1.705645288
234422.8815,60.79592197,-1.553987228,61.14215399,-1.725393781
237137.3706,60.79589089,-1.571979811,61.1421216,-1.745370882
239883.2919,60.7958591,-1.590180678,61.14208845,-1.765579236
242661.0095,60.79582656,-1.608592237,61.14205453,-1.786021518
245470.8916,60.79579327,-1.627216927,61.14201982,-1.806700436
248313.3105,60.7957592,-1.646057212,61.14198431,-1.827618725
251188.6432,60.79572433,-1.665115588,61.14194796,-1.848779155
254097.2706,60.79568866,-1.684394576,61.14191077,-1.870184527
257039.5783,60.79565215,-1.70389673,61.14187271,-1.891837674
260015.9563,60.7956148,-1.72362463,61.14183377,-1.913741463
263026.7992,60.79557657,-1.743580887,61.14179392,-1.935898792
266072.506,60.79553745,-1.763768144,61.14175314,-1.958312594
269153.4804,60.79549743,-1.784189072,61.14171142,-1.980985836
272270.1308,60.79545647,-1.804846373,61.14166872,-2.003921518
275422.8703,60.79541455,-1.825742783,61.14162502,-2.027122676
278612.1169,60.79537166,-1.846881065,61.14158031,-2.050592379
281838.2931,60.79532778,-1.868264018,61.14153456,-2.074333733
285101.8268,60.79528287,-1.889894471,61.14148774,-2.098349881
288403.1503,60.79523691,-1.911775287,61.14143984,-2.122643999
291742.7014,60.79518988,-1.933909361,61.14139081,-2.147219302
295120.9227,60.79514176,-1.956299622,61.14134065,-2.172079043
298538.2619,60.79509252,-1.978949031,61.14128932,-2.197226508
301995.172,60.79504213,-2.001860587,61.14123679,-2.222665026
305492.1113,60.79499057,-2.025037319,61.14118304,-2.248397963
309029.5433,60.79493781,-2.048482295,61.14112804,-2.27442872
312607.9367,60.79488382,-2.072198615,61.14107175,-2.300760744
316227.766,60.79482857,-2.096189417,61.14101416,-2.327397515
319889.511,60.79477203,-2.120457875,61.14095522,-2.354342557
323593.6569,60.79471418,-2.145007198,61.14089492,-2.381599435
327340.6949,60.79465498,-2.169840634,61.1408332,-2.409171752
331131.1215,60.7945944,-2.194961466,61.14077006,-2.437063155
334965.4392,60.79453242,-2.220373018,61.14070544,-2.465277333
338844.1561,60.79446899,-2.246078649,61.14063931,-2.493818016
342767.7865,60.79440408,-2.272081759,61.14057165,-2.522688977
346736.8505,60.79433766,-2.298385786,61.14050241,-2.551894035
350751.874,60.79426969,-2.324994208,61.14043156,-2.581437049
354813.3892,60.79420014,-2.351910543,61.14035906,-2.611321927
358921.9346,60.79412898,-2.37913835,61.14028488,-2.641552618
363078.0548,60.79405615,-2.406681229,61.14020896,-2.672133118
367282.3005,60.79398163,-2.434542819,61.14013128,-2.703067469
371535.2291,60.79390538,-2.462726805,61.14005179,-2.73435976
375837.4043,60.79382734,-2.49123691,61.13997045,-2.766014127
380189.3963,60.7937475,-2.520076904,61.13988721,-2.798034751
384591.782,60.79366579,-2.549250597,61.13980204,-2.830425866
389045.145,60.79358218,-2.578761845,61.13971488,-2.863191749
393550.0755,60.79349662,-2.608614547,61.1396257,-2.896336731
398107.1706,60.79340908,-2.638812648,61.13953444,-2.92986519
402717.0343,60.79331949,-2.669360137,61.13944105,-2.963781555
407380.2778,60.79322782,-2.70026105,61.1393455,-2.998090306
412097.5191,60.79313401,-2.731519469,61.13924771,-3.032795975
416869.3835,60.79303802,-2.763139522,61.13914765,-3.067903144
421696.5034,60.7929398,-2.795125387,61.13904526,-3.103416452
426579.5188,60.79283929,-2.827481287,61.13894049,-3.139340585
431519.0768,60.79273644,-2.860211494,61.13883328,-3.175680288
436515.8322,60.79263119,-2.893320332,61.13872357,-3.212440359
441570.4474,60.7925235,-2.92681217,61.13861131,-3.249625649
446683.5922,60.79241329,-2.960691432,61.13849644,-3.287241068
451855.9444,60.79230053,-2.994962588,61.13837889,-3.32529158
457088.1896,60.79218513,-3.029630163,61.13825861,-3.363782206
462381.0214,60.79206705,-3.064698732,61.13813553,-3.402718026
467735.1413,60.79194623,-3.100172923,61.13800958,-3.442104176
473151.259,60.79182259,-3.136057417,61.1378807,-3.481945853
478630.0923,60.79169607,-3.172356949,61.13774883,-3.522248313
484172.3676,60.79156661,-3.209076307,61.13761388,-3.563016871
489778.8194,60.79143413,-3.246220335,61.13747579,-3.604256905
495450.1908,60.79129857,-3.283793933,61.13733449,-3.645973852
501187.2336,60.79115985,-3.321802055,61.1371899,-3.688173214
506990.7083,60.79101791,-3.360249714,61.13704195,-3.730860552
512861.384,60.79087266,-3.39914198,61.13689055,-3.774041496
518800.0389,60.79072403,-3.438483978,61.13673563,-3.817721735
524807.4602,60.79057195,-3.478280896,61.1365771,-3.861907027
530884.4442,60.79041632,-3.518537979,61.13641489,-3.906603193
537031.7964,60.79025707,-3.559260531,61.1362489,-3.951816123
543250.3315,60.79009412,-3.600453919,61.13607905,-3.997551772
549540.8739,60.78992737,-3.64212357,61.13590525,-4.043816164
555904.2573,60.78975674,-3.684274973,61.1357274,-4.090615393
562341.3252,60.78958215,-3.72691368,61.13554542,-4.137955619
568852.9308,60.78940349,-3.770045305,61.1353592,-4.185843077
575439.9373,60.78922067,-3.813675528,61.13516865,-4.234284069
582103.2178,60.78903359,-3.857810094,61.13497367,-4.283284971
588843.6554,60.78884217,-3.90245481,61.13477415,-4.33285223
595662.1435,60.78864629,-3.947615554,61.13456999,-4.382992368
602559.5861,60.78844585,-3.993298266,61.13436108,-4.433711982
609536.8972,60.78824075,-4.039508959,61.13414731,-4.48501774
616595.0019,60.78803088,-4.086253709,61.13392857,-4.536916391
623734.8355,60.78781612,-4.133538666,61.13370474,-4.589414757
630957.3445,60.78759637,-4.181370046,61.1334757,-4.642519739
638263.4862,60.78737151,-4.229754138,61.13324134,-4.696238317
645654.229,60.78714141,-4.278697301,61.13300153,-4.750577548
653130.5526,60.78690596,-4.328205968,61.13275614,-4.805544571
660693.448,60.78666504,-4.378286644,61.13250504,-4.861146606
668343.9176,60.78641851,-4.428945908,61.1322481,-4.917390954
676082.9754,60.78616624,-4.480190412,61.13198519,-4.974284999
683911.6473,60.78590811,-4.532026886,61.13171617,-5.031836208
691830.9709,60.78564398,-4.584462136,61.13144089,-5.090052135
699841.996,60.7853737,-4.637503042,61.13115921,-5.148940416
707945.7844,60.78509713,-4.691156566,61.13087098,-5.208508776
716143.4102,60.78481413,-4.745429746,61.13057604,-5.268765025
724435.9601,60.78452455,-4.8003297,61.13027426,-5.329717064
732824.5331,60.78422824,-4.855863627,61.12996545,-5.391372881
741310.2413,60.78392504,-4.912038808,61.12964947,-5.453740556
749894.2093,60.78361478,-4.968862605,61.12932614,-5.516828257
758577.575,60.78329731,-5.026342463,61.1289953,-5.580644246
767361.4894,60.78297246,-5.08448591,61.12865677,-5.64519688
776247.1166,60.78264006,-5.143300563,61.12831037,-5.710494606
785235.6346,60.78229992,-5.202794119,61.12795592,-5.776545969
794328.2347,60.78195188,-5.262974366,61.12759323,-5.843359609
803526.1222,60.78159575,-5.323849178,61.12722211,-5.910944263
812830.5162,60.78123134,-5.385426517,61.12684237,-5.979308765
822242.6499,60.78085846,-5.447714434,61.12645381,-6.04846205
831763.7711,60.78047691,-5.510721073,61.12605622,-6.118413153
841395.1416,60.7800865,-5.574454666,61.12564939,-6.189171208
851138.0382,60.779687,-5.638923539,61.12523311,-6.260745453
860993.7522,60.77927823,-5.704136111,61.12480716,-6.333145228
870963.59,60.77885995,-5.770100895,61.12437131,-6.40637998
881048.873,60.77843195,-5.836826499,61.12392535,-6.480459258
891250.9381,60.77799401,-5.904321628,61.12346902,-6.555392719
901571.1376,60.77754589,-5.972595082,61.1230021,-6.631190128
912010.8394,60.77708736,-6.041655762,61.12252433,-6.707861358
922571.4272,60.77661818,-6.111512665,61.12203547,-6.785416391
933254.3008,60.7761381,-6.182174891,61.12153526,-6.863865323
944060.8763,60.77564686,-6.253651638,61.12102344,-6.943218357
954992.586,60.77514421,-6.32595221,61.12049973,-7.023485814
966050.879,60.77462989,-6.399086012,61.11996387,-7.104678126
977237.221,60.77410362,-6.473062551,61.11941556,-7.186805842
988553.0947,60.77356513,-6.547891444,61.11885454,-7.269879628
1000000,60.77301413,-6.623582411,61.11828049,-7.353910265
1011579.454,60.77245034,-6.70014528,61.11769312,-7.438908655
1023292.992,60.77187345,-6.777589989,61.11709212,-7.52488582
1035142.167,60.77128317,-6.855926582,61.11647717,-7.611852904
1047128.548,60.77067919,-6.935165218,61.11584796,-7.69982117
1059253.725,60.77006119,-7.015316163,61.11520416,-7.788802009
1071519.305,60.76942884,-7.096389801,61.11454542,-7.878806933
1083926.914,60.76878181,-7.178396625,61.1138714,-7.969847583
1096478.196,60.76811977,-7.261347246,61.11318175,-8.061935724
1109174.815,60.76744236,-7.345252389,61.11247611,-8.155083252
1122018.454,60.76674923,-7.430122898,61.1117541,-8.249302193
1135010.816,60.76604002,-7.515969735,61.11101536,-8.3446047
1148153.621,60.76531436,-7.602803979,61.11025949,-8.441003062
1161448.614,60.76457186,-7.690636832,61.10948611,-8.5385097
1174897.555,60.76381213,-7.779479617,61.1086948,-8.637137168
1188502.227,60.76303479,-7.869343779,61.10788515,-8.736898159
1202264.435,60.76223942,-7.960240889,61.10705674,-8.8378055
1216186.001,60.7614256,-8.05218264,61.10620914,-8.939872156
1230268.771,60.76059291,-8.145180853,61.10534191,-9.043111235
1244514.612,60.75974091,-8.239247476,61.10445458,-9.147535982
1258925.412,60.75886917,-8.334394586,61.10354671,-9.253159786
1273503.081,60.75797721,-8.430634388,61.10261782,-9.359996178
1288249.552,60.75706458,-8.52797922,61.10166742,-9.468058835
1303166.778,60.75613081,-8.626441549,61.10069502,-9.577361577
1318256.739,60.75517539,-8.726033977,61.09970011,-9.687918375
1333521.432,60.75419784,-8.826769241,61.09868218,-9.799743344
1348962.883,60.75319764,-8.92866021,61.0976407,-9.912850752
1364583.137,60.75217428,-9.031719894,61.09657511,-10.02725501
1380384.265,60.75112721,-9.135961436,61.09548488,-10.1429707
1396368.361,60.75005589,-9.241398121,61.09436944,-10.26001254
1412537.545,60.74895977,-9.348043373,61.0932282,-10.37839539
1428893.959,60.74783827,-9.455910757,61.09206058,-10.49813431
1445439.771,60.74669081,-9.56501398,61.09086596,-10.61924447
1462177.174,60.7455168,-9.675366892,61.08964373,-10.74174122
1479108.388,60.74431561,-9.786983488,61.08839326,-10.86564008
1496235.656,60.74308664,-9.899877909,61.0871139,-10.9909567
1513561.248,60.74182923,-10.01406444,61.08580499,-11.11770692
1531087.462,60.74054273,-10.12955752,61.08446585,-11.24590673
1548816.619,60.73922649,-10.24637173,61.08309578,-11.37557229
1566751.07,60.73787981,-10.36452181,61.08169409,-11.50671992
1584893.192,60.736502,-10.48402264,61.08026004,-11.63936611
1603245.391,60.73509233,-10.60488925,61.0787929,-11.77352751
1621810.097,60.73365009,-10.72713685,61.07729191,-11.90922096
1640589.773,60.73217453,-10.85078077,61.0757563,-12.04646344
1659586.907,60.73066487,-10.97583651,61.07418528,-12.18527213
1678804.018,60.72912035,-11.10231974,61.07257804,-12.32566437
1698243.652,60.72754015,-11.23024626,61.07093375,-12.46765766
1717908.387,60.72592348,-11.35963205,61.06925157,-12.6112697
1737800.829,60.72426948,-11.49049324,61.06753063,-12.75651834
1757923.614,60.72257731,-11.62284613,61.06577005,-12.90342164
1778279.41,60.72084609,-11.75670717,61.06396893,-13.0519978
1798870.915,60.71907494,-11.89209298,61.06212635,-13.20226522
1819700.859,60.71726293,-12.02902033,61.06024137,-13.35424248
1840772.001,60.71540914,-12.16750618,61.05831301,-13.50794834
1862087.137,60.71351262,-12.30756762,61.0563403,-13.66340173
1883649.089,60.71157238,-12.44922195,61.05432222,-13.82062178
1905460.718,60.70958744,-12.5924866,61.05225775,-13.97962779
1927524.913,60.70755677,-12.73737917,61.05014584,-14.14043925
1949844.6,60.70547933,-12.88391746,61.04798541,-14.30307583
1972422.736,60.70335406,-13.03211941,61.04577536,-14.46755739
1995262.315,60.70117987,-13.18200313,61.04351457,-14.63390399
2018366.364,60.69895564,-13.33358691,61.04120189,-14.80213584
2041737.945,60.69668025,-13.48688923,61.03883614,-14.97227338
2065380.156,60.69435252,-13.6419287,61.03641614,-15.14433722
2089296.131,60.69197127,-13.79872413,61.03394065,-15.31834816
2113489.04,60.68953529,-13.9572945,61.03140843,-15.49432718
2137962.09,60.68704333,-14.11765896,61.02881818,-15.67229547
2162718.524,60.68449413,-14.27983684,61.02616862,-15.8522744
2187761.624,60.68188638,-14.44384764,61.0234584,-16.03428553
2213094.71,60.67921877,-14.60971103,61.02068616,-16.21835062
2238721.139,60.67648995,-14.77744686,61.0178505,-16.40449161
2264644.308,60.67369852,-14.94707516,61.01495,-16.59273064
2290867.653,60.67084307,-15.11861613,61.01198321,-16.78309005
2317394.65,60.66792216,-15.29209014,61.00894864,-16.97559235
2344228.815,60.66493432,-15.46751776,61.00584478,-17.17026028
2371373.706,60.66187803,-15.64491972,61.00267007,-17.36711672
2398832.919,60.65875176,-15.8243169,60.99942293,-17.5661848
2426610.095,60.65555392,-16.00573042,60.99610174,-17.7674878
2454708.916,60.65228292,-16.18918151,60.99270486,-17.97104921
2483133.105,60.6489371,-16.37469161,60.98923059,-18.17689271
2511886.432,60.64551479,-16.56228234,60.98567721,-18.38504218
2540972.706,60.64201428,-16.75197548,60.98204296,-18.59552168
2570395.783,60.6384338,-16.94379299,60.97832606,-18.80835546
2600159.563,60.63477157,-17.137757,60.97452465,-19.02356796
2630267.992,60.63102577,-17.33388983,60.97063687,-19.24118383
2660725.06,60.62719452,-17.53221395,60.96666081,-19.46122789
2691534.804,60.62327592,-17.73275202,60.96259451,-19.68372514
2722701.308,60.61926803,-17.93552687,60.95843599,-19.90870079
2754228.703,60.61516884,-18.14056149,60.9541832,-20.13618023
2786121.169,60.61097633,-18.34787905,60.94983407,-20.36618901
2818382.931,60.60668843,-18.55750288,60.94538649,-20.59875291
2851018.268,60.60230301,-18.76945649,60.94083828,-20.83389785
2884031.503,60.59781792,-18.98376354,60.93618724,-21.07164994
2917427.014,60.59323094,-19.20044788,60.93143111,-21.3120355
2951209.227,60.58853983,-19.41953348,60.9265676,-21.55508098
2985382.619,60.58374227,-19.64104452,60.92159436,-21.80081305
3019951.72,60.57883592,-19.8650053,60.916509,-22.04925851
3054921.113,60.57381838,-20.09144031,60.91130906,-22.30044438
3090295.433,60.5686872,-20.32037417,60.90599207,-22.5543978
3126079.367,60.56343988,-20.55183166,60.90055547,-22.81114612
3162277.66,60.55807387,-20.78583773,60.89499667,-23.07071683
3198895.11,60.55258657,-21.02241745,60.88931303,-23.33313757
3235936.569,60.54697532,-21.26159605,60.88350185,-23.59843618
3273406.949,60.54123741,-21.50339891,60.87756037,-23.86664061
3311311.215,60.53537007,-21.74785153,60.8714858,-24.13777899
3349654.392,60.52937047,-21.99497957,60.86527526,-24.4118796
3388441.561,60.52323575,-22.24480882,60.85892585,-24.68897085
3427677.865,60.51696295,-22.49736518,60.85243458,-24.9690813
3467368.505,60.51054909,-22.7526747,60.84579842,-25.25223966
3507518.74,60.5039911,-23.01076354,60.83901429,-25.53847475
3548133.892,60.49728587,-23.27165799,60.83207903,-25.82781553
3589219.346,60.49043021,-23.53538444,60.82498942,-26.1202911
3630780.548,60.48342088,-23.8019694,60.81774221,-26.41593066
3672823.005,60.47625458,-24.0714395,60.81033404,-26.71476353
3715352.291,60.46892793,-24.34382144,60.80276153,-27.01681916
3758374.043,60.46143748,-24.61914204,60.79502121,-27.32212709
3801893.963,60.45377974,-24.89742821,60.78710956,-27.63071695
3845917.82,60.44595113,-25.17870695,60.77902297,-27.94261848
3890451.45,60.437948,-25.46300531,60.7707578,-28.25786152
3935500.755,60.42976665,-25.75035045,60.76231032,-28.57647596
3981071.706,60.42140328,-26.04076958,60.75367673,-28.8984918
4027170.343,60.41285404,-26.33428999,60.74485316,-29.22393909
4073802.778,60.40411499,-26.63093901,60.73583569,-29.55284795
4120975.191,60.39518214,-26.93074401,60.72662031,-29.88524855
4168693.835,60.3860514,-27.23373243,60.71720295,-30.22117111
4216965.034,60.37671862,-27.53993173,60.70757945,-30.56064591
4265795.188,60.36717955,-27.8493694,60.69774559,-30.90370325
4315190.768,60.3574299,-28.16207294,60.68769709,-31.25037344
4365158.322,60.34746526,-28.47806987,60.67742957,-31.60068683
4415704.474,60.33728117,-28.79738772,60.66693858,-31.95467378
4466835.922,60.32687308,-29.120054,60.65621962,-32.31236463
4518559.444,60.31623633,-29.44609622,60.64526807,-32.67378973
4570881.896,60.30536623,-29.77554186,60.63407926,-33.03897941
4623810.214,60.29425797,-30.10841837,60.62264845,-33.40796397
4677351.413,60.28290665,-30.44475315,60.61097079,-33.78077366
4731512.59,60.2713073,-30.78457355,60.59904139,-34.15743871
4786300.923,60.25945487,-31.12790688,60.58685525,-34.53798927
4841723.676,60.24734421,-31.47478034,60.57440729,-34.92245544
4897788.194,60.23497007,-31.82522107,60.56169238,-35.31086721
4954501.908,60.22232713,-32.17925611,60.54870527,-35.70325452
5011872.336,60.20940998,-32.53691239,60.53544065,-36.09964719
5069907.083,60.19621311,-32.89821672,60.52189312,-36.50007492
5128613.84,60.18273091,-33.26319578,60.50805722,-36.90456729
5188000.389,60.1689577,-33.63187612,60.49392736,-37.31315376
5248074.602,60.15488768,-34.00428412,60.47949791,-37.72586361
5308844.442,60.14051499,-34.38044599,60.46476314,-38.14272599
5370317.964,60.12583364,-34.76038776,60.44971725,-38.56376986
5432503.315,60.11083756,-35.14413527,60.43435432,-38.98902399
5495408.739,60.0955206,-35.53171414,60.41866839,-39.41851695
5559042.573,60.07987649,-35.92314978,60.40265338,-39.85227711
5623413.252,60.06389887,-36.31846735,60.38630316,-40.29033258
5688529.308,60.04758129,-36.71769175,60.36961149,-40.73271126
5754399.373,60.03091719,-37.12084763,60.35257206,-41.17944078
5821032.178,60.01389992,-37.52795934,60.33517846,-41.63054849
5888436.554,59.99652274,-37.93905094,60.31742423,-42.08606148
5956621.435,59.97877879,-38.35414615,60.29930278,-42.5460065
6025595.861,59.96066113,-38.7732684,60.28080748,-43.01041003
6095368.972,59.94216272,-39.19644072,60.2619316,-43.47929818
6165950.019,59.92327641,-39.62368582,60.24266833,-43.95269674
6237348.355,59.90399495,-40.05502599,60.22301077,-44.43063113
6309573.445,59.88431101,-40.49048313,60.20295195,-44.91312637
6382634.862,59.86421715,-40.93007874,60.18248482,-45.40020713
6456542.29,59.84370582,-41.37383386,60.16160226,-45.89189764
6531305.526,59.82276939,-41.82176907,60.14029704,-46.38822171
6606934.48,59.80140012,-42.27390451,60.11856189,-46.88920272
6683439.176,59.77959019,-42.73025979,60.09638945,-47.39486357
6760829.754,59.75733165,-43.19085403,60.07377227,-47.90522672
6839116.473,59.73461649,-43.6557058,60.05070285,-48.4203141
6918309.709,59.71143658,-44.12483316,60.02717361,-48.94014717
6998419.96,59.6877837,-44.59825356,60.00317689,-49.46474685
7079457.844,59.66364955,-45.07598387,59.97870497,-49.99413353
7161434.102,59.63902571,-45.55804038,59.95375006,-50.52832702
7244359.601,59.61390369,-46.04443871,59.9283043,-51.0673466
7328245.331,59.5882749,-46.53519387,59.90235978,-51.61121094
7413102.413,59.56213066,-47.03032018,59.87590852,-52.1599381
7498942.093,59.5354622,-47.52983128,59.84894245,-52.71354553
7585775.75,59.50826066,-48.0337401,59.8214535,-53.27205006
7673614.894,59.48051712,-48.54205884,59.79343349,-53.83546786
7762471.166,59.45222252,-49.05479895,59.76487422,-54.40381441
7852356.346,59.42336778,-49.57197114,59.73576742,-54.97710456
7943282.347,59.3939437,-50.09358529,59.70610478,-55.55535242
8035261.222,59.36394101,-50.6196505,59.67587794,-56.13857143
8128305.162,59.33335035,-51.15017503,59.64507849,-56.72677426
8222426.499,59.30216232,-51.68516631,59.613698,-57.31997289
8317637.711,59.27036742,-52.22463088,59.58172797,-57.91817852
8413951.416,59.23795608,-52.76857441,59.5491599,-58.52140159
8511380.382,59.20491867,-53.31700167,59.51598523,-59.12965179
8609937.522,59.17124549,-53.86991648,59.48219537,-59.74293797
8709635.9,59.13692678,-54.42732176,59.44778173,-60.36126823
8810488.73,59.10195272,-54.98921943,59.41273568,-60.98464983
8912509.381,59.06631343,-55.55561044,59.37704857,-61.61308921
9015711.376,59.02999897,-56.12649477,59.34071173,-62.24659198
9120108.394,58.99299937,-56.70187135,59.3037165,-62.88516292
9225714.272,58.95530459,-57.28173811,59.26605418,-63.52880593
9332543.008,58.91690454,-57.86609192,59.2277161,-64.17752407
9440608.763,58.87778913,-58.45492858,59.18869355,-64.83131953
9549925.86,58.83794817,-59.04824282,59.14897786,-65.49019362
9660508.79,58.7973715,-59.64602828,59.10856035,-66.15414676
9772372.21,58.75604888,-60.2482775,59.06743235,-66.8231785
9885530.947,58.71397007,-60.85498188,59.02558521,-67.49728748
10000000,58.6711248,-61.4661317,58.9830103,-68.17647145
10115794.54,58.62750278,-62.08171609,58.93969902,-68.86072726
10232929.92,58.5830937,-62.70172302,58.89564277,-69.55005086
10351421.67,58.53788725,-63.3261393,58.85083303,-70.24443728
10471285.48,58.4918731,-63.95495056,58.80526127,-70.94388066
10592537.25,58.44504095,-64.58814122,58.75891903,-71.64837422
10715193.05,58.39738046,-65.22569454,58.7117979,-72.35791028
10839269.14,58.34888132,-65.86759254,58.6638895,-73.07248026
10964781.96,58.29953324,-66.51381606,58.61518552,-73.79207467
11091748.15,58.24932592,-67.1643447,58.5656777,-74.51668312
11220184.54,58.1982491,-67.81915683,58.51535786,-75.24629434
11350108.16,58.14629254,-68.47822963,58.46421787,-75.98089615
11481536.21,58.09344603,-69.14153902,58.4122497,-76.7204755
11614486.14,58.03969941,-69.80905969,58.35944538,-77.46501846
11748975.55,57.98504254,-70.48076511,58.30579702,-78.21451025
11885022.27,57.92946532,-71.1566275,58.25129684,-78.96893519
12022644.35,57.87295773,-71.83661785,58.19593713,-79.7282768
12161860.01,57.81550977,-72.52070594,58.1397103,-80.49251774
12302687.71,57.75711154,-73.20886029,58.08260884,-81.26163983
12445146.12,57.69775316,-73.90104823,58.02462537,-82.0356241
12589254.12,57.63742485,-74.59723583,57.96575261,-82.81445077
12735030.81,57.5761169,-75.29738798,57.90598339,-83.59809929
12882495.52,57.51381968,-76.00146836,57.84531068,-84.38654832
13031667.78,57.45052364,-76.70943944,57.78372756,-85.17977579
13182567.39,57.38621932,-77.42126251,57.72122725,-85.9777589
13335214.32,57.32089735,-78.13689767,57.65780311,-86.7804741
13489628.83,57.25454848,-78.85630388,57.59344862,-87.58789719
13645831.37,57.18716355,-79.57943893,57.52815743,-88.40000327
13803842.65,57.11873351,-80.30625947,57.46192331,-89.21676679
13963683.61,57.04924942,-81.03672103,57.3947402,-90.03816158
14125375.45,56.97870247,-81.77077803,57.32660221,-90.86416085
14288939.59,56.90708396,-82.5083838,57.25750359,-91.69473724
14454397.71,56.83438534,-83.24949061,57.18743875,-92.52986282
14621771.74,56.76059816,-83.99404964,57.11640229,-93.36950913
14791083.88,56.68571415,-84.74201108,57.04438897,-94.21364721
14962356.56,56.60972513,-85.49332408,56.97139373,-95.06224762
15135612.48,56.53262311,-86.2479368,56.8974117,-95.91528046
15310874.62,56.45440022,-87.00579646,56.82243817,-96.77271543
15488166.19,56.37504876,-87.7668493,56.74646865,-97.63452182
15667510.7,56.29456119,-88.53104067,56.66949881,-98.50066856
15848931.92,56.21293011,-89.29831501,56.59152454,-99.37112425
16032453.91,56.1301483,-90.0686159,56.51254192,-100.2458572
16218100.97,56.04620871,-90.84188609,56.43254721,-101.1248355
16405897.73,55.96110446,-91.6180675,56.35153692,-102.0080268
16595869.07,55.87482883,-92.3971013,56.26950772,-102.8953989
16788040.18,55.78737529,-93.17892788,56.18645651,-103.7869191
16982436.52,55.6987375,-93.96348692,56.10238041,-104.6825547
17179083.87,55.60890928,-94.75071741,56.01727675,-105.582273
17378008.29,55.51788465,-95.54055768,55.93114307,-106.4860411
17579236.14,55.42565782,-96.33294544,55.84397714,-107.3938262
17782794.1,55.33222318,-97.12781778,55.75577695,-108.3055954
17988709.15,55.23757532,-97.92511127,55.66654071,-109.2213158
18197008.59,55.14170902,-98.72476192,55.57626685,-110.1409547
18407720.01,55.04461926,-99.52670526,55.48495405,-111.0644796
18620871.37,54.94630121,-100.3308764,55.39260121,-111.9918581
18836490.89,54.84675025,-101.1372098,55.29920746,-112.9230578
19054607.18,54.74596194,-101.94564,55.20477216,-113.8580468
19275249.13,54.64393205,-102.7561006,55.10929491,-114.7967935
19498446,54.54065657,-103.5685254,55.01277555,-115.7392663
19724227.36,54.43613166,-104.3828476,54.91521415,-116.6854344
19952623.15,54.3303537,-105.1990002,54.81661102,-117.635267
20183663.64,54.22331927,-106.016916,54.71696672,-118.5887341
20417379.45,54.11502516,-106.8365277,54.61628204,-119.5458059
20653801.56,54.00546833,-107.6577677,54.514558,-120.5064532
20892961.31,53.89464599,-108.4805685,54.4117959,-121.4706476
21134890.4,53.78255552,-109.3048623,54.30799724,-122.4383609
21379620.9,53.66919449,-110.1305813,54.20316378,-123.4095659
21627185.24,53.5545607,-110.9576577,54.09729753,-124.3842359
21877616.24,53.43865214,-111.7860239,53.99040074,-125.362345
22130947.1,53.32146697,-112.6156122,53.8824759,-126.3438682
22387211.39,53.20300359,-113.4463548,53.77352574,-127.328781
22646443.08,53.08326055,-114.2781844,53.66355322,-128.3170601
22908676.53,52.96223662,-115.1110335,53.55256159,-129.308683
23173946.5,52.83993075,-115.9448351,53.44055428,-130.303628
23442288.15,52.71634209,-116.7795221,53.32753501,-131.3018746
23713737.06,52.59146996,-117.6150278,53.21350772,-132.3034033
23988329.19,52.46531387,-118.4512857,53.09847658,-133.3081955
24266100.95,52.33787351,-119.2882297,52.98244602,-134.316234
24547089.16,52.20914875,-120.125794,52.86542071,-135.3275027
24831331.05,52.07913963,-120.9639129,52.74740553,-136.3419864
25118864.32,51.94784637,-121.8025215,52.62840562,-137.3596717
25409727.06,51.81526936,-122.6415549,52.50842634,-138.380546
25703957.83,51.68140916,-123.4809489,52.38747329,-139.4045984
26001595.63,51.54626647,-124.3206394,52.26555231,-140.4318191
26302679.92,51.40984217,-125.1605632,52.14266945,-141.4622001
26607250.6,51.27213729,-126.0006572,52.018831,-142.4957345
26915348.04,51.13315302,-126.8408591,51.89404347,-143.5324171
27227013.08,50.9928907,-127.6811068,51.7683136,-144.5722444
27542287.03,50.85135179,-128.5213389,51.64164835,-145.6152142
27861211.69,50.70853793,-129.3614947,51.5140549,-146.6613263
28183829.31,50.56445087,-130.2015138,51.38554063,-147.7105819
28510182.68,50.41909251,-131.0413365,51.25611317,-148.7629843
28840315.03,50.27246486,-131.8809037,51.12578033,-149.8185383
29174270.14,50.12457008,-132.7201568,50.99455015,-150.8772505
29512092.27,49.97541045,-133.559038,50.86243086,-151.9391298
29853826.19,49.82498834,-134.3974899,50.7294309,-153.0041866
30199517.2,49.67330628,-135.2354558,50.59555891,-154.0724335
30549211.13,49.52036687,-136.0728798,50.46082374,-155.143885
30902954.33,49.36617284,-136.9097063,50.32523441,-156.218558
31260793.67,49.21072702,-137.7458807,50.18880016,-157.296471
31622776.6,49.05403233,-138.5813488,50.0515304,-158.3776451
31988951.1,48.8960918,-139.4160571,49.91343471,-159.4621035
32359365.69,48.73690854,-140.2499528,49.77452288,-160.5498717
32734069.49,48.57648576,-141.0829837,49.63480486,-161.6409773
33113112.15,48.41482673,-141.9150983,49.49429078,-162.7354506
33496543.92,48.25193482,-142.7462457,49.35299093,-163.8333241
33884415.61,48.08781349,-143.5763756,49.21091576,-164.9346328
34276778.65,47.92246625,-144.4054385,49.0680759,-166.0394144
34673685.05,47.75589669,-145.2333853,48.9244821,-167.1477089
35075187.4,47.58810846,-146.0601677,48.78014531,-168.2595591
35481338.92,47.41910529,-146.8857379,48.63507658,-169.3750105
35892193.46,47.24889096,-147.7100488,48.48928712,-170.4941112
36307805.48,47.07746931,-148.533054,48.34278828,-171.6169122
36728230.05,46.90484424,-149.3547074,48.19559152,-172.7434674
37153522.91,46.7310197,-150.1749638,48.04770845,-173.8738334
37583740.43,46.55599968,-150.9937783,47.89915077,-175.00807
38018939.63,46.37978823,-151.8111067,47.74993031,-176.1462399
38459178.2,46.20238946,-152.6269055,47.60005901,-177.288409
38904514.5,46.02380749,-153.4411315,47.4495489,-178.4346461
39355007.55,45.84404651,-154.2537422,47.29841208,-179.5850234
39810717.06,45.66311072,-155.0646954,47.14666078,179.2603835
40271703.43,45.4810044,-155.8739496,46.99430727,178.101496
40738027.78,45.29773183,-156.6814638,46.84136391,176.9382318
41209751.91,45.11329734,-157.4871974,46.6878431,175.7705052
41686938.35,44.92770529,-158.2911102,46.53375731,174.598227
42169650.34,44.74096007,-159.0931626,46.37911904,173.4213044
42657951.88,44.55306612,-159.8933153,46.22394083,172.2396408
43151907.68,44.36402788,-160.6915296,46.06823525,171.0531358
43651583.22,44.17384984,-161.4877671,45.91201486,169.8616853
44157044.74,43.98253652,-162.2819897,45.75529224,168.6651813
44668359.22,43.79009246,-163.0741599,45.59807994,167.4635116
45185594.44,43.59652223,-163.8642404,45.44039051,166.2565599
45708818.96,43.40183043,-164.6521943,45.28223645,165.044206
46238102.14,43.20602169,-165.4379852,45.1236302,163.8263252
46773514.13,43.00910067,-166.2215767,44.96458416,162.6027886
47315125.9,42.81107206,-167.0029331,44.80511061,161.3734626
47863009.23,42.61194057,-167.7820188,44.64522178,160.1382095
48417236.76,42.41171093,-168.5587985,44.48492974,158.8968865
48977881.94,42.21038794,-169.3332373,44.32424646,157.6493466
49545019.08,42.00797638,-170.1053005,44.16318374,156.3954374
50118723.36,41.80448109,-170.8749536,44.00175322,155.1350022
50699070.83,41.59990695,-171.6421626,43.83996633,153.8678789
51286138.4,41.39425885,-172.4068935,43.6778343,152.5939004
51880003.89,41.18754172,-173.1691127,43.5153681,151.3128944
52480746.02,40.97976053,-173.9287869,43.35257845,150.0246833
53088444.42,40.77092029,-174.6858829,43.18947576,148.7290842
53703179.64,40.56102603,-175.4403677,43.02607014,147.4259086
54325033.15,40.35008284,-176.1922087,42.86237133,146.1149623
54954087.39,40.13809583,-176.9413735,42.69838869,144.7960457
55590425.73,39.92507016,-177.6878297,42.53413117,143.468953
56234132.52,39.71101104,-178.4315455,42.36960725,142.1334729
56885293.08,39.4959237,-179.172489,42.20482493,140.7893878
57543993.73,39.27981343,-179.9106286,42.03979169,139.4364742
58210321.78,39.06268558,179.3540669,41.87451442,138.0745024
58884365.54,38.84454551,178.6216288,41.70899941,136.7032362
59566214.35,38.62539866,177.8920878,41.54325228,135.3224335
60255958.61,38.40525052,177.1654746,41.37727794,133.9318454
60953689.72,38.1841066,176.4418196,41.21108053,132.5312167
61659500.19,37.96197249,175.7211531,41.04466341,131.1202855
62373483.55,37.73885383,175.0035049,40.87802901,129.6987834
63095734.45,37.5147563,174.2889047,40.71117889,128.2664352
63826348.62,37.28968566,173.577382,40.54411357,126.8229593
64565422.9,37.0636477,172.8689658,40.37683253,125.3680669
65313055.26,36.83664829,172.1636852,40.20933413,123.9014628
66069344.8,36.60869333,171.4615686,40.0416155,122.4228451
66834391.76,36.37978882,170.7626443,39.87367252,120.9319048
67608297.54,36.14994077,170.0669405,39.70549971,119.4283266
68391164.73,35.9191553,169.3744847,39.53709015,117.9117883
69183097.09,35.68743855,168.6853043,39.3684354,116.3819612
69984199.6,35.45479675,167.9994264,39.19952541,114.8385101
70794578.44,35.22123617,167.3168777,39.03034843,113.2810937
71614341.02,34.98676317,166.6376844,38.86089088,111.7093641
72443596.01,34.75138413,165.9618725,38.69113732,110.1229676
73282453.31,34.51510554,165.2894676,38.52107027,108.5215447
74131024.13,34.27793391,164.6204949,38.35067016,106.9047303
74989420.93,34.03987585,163.9549791,38.17991518,105.2721542
75857757.5,33.80093799,163.2929446,38.0087812,103.6234411
76736148.94,33.56112705,162.6344152,37.83724161,101.9582113
77624711.66,33.32044981,161.9794144,37.66526725,100.2760809
78523563.46,33.0789131,161.3279652,37.49282623,98.57666244
79432823.47,32.8365238,160.6800901,37.31988387,96.85956554
80352612.22,32.59328888,160.0358112,37.14640251,95.12439723
81283051.62,32.34921534,159.3951498,36.9723414,93.37076281
82224264.99,32.10431024,158.7581271,36.79765661,91.59826658
83176377.11,31.8585807,158.1247635,36.62230083,89.80651265
84139514.16,31.6120339,157.4950789,36.44622329,87.99510583
85113803.82,31.36467706,156.8690927,36.26936961,86.16365265
86099375.22,31.11651745,156.2468237,36.09168165,84.3117624
87096359,30.8675624,155.62829,35.91309744,82.43904834
88104887.3,30.61781929,155.0135095,35.73355098,80.54512893
89125093.81,30.36729552,154.4024989,35.55297221,78.6296292
90157113.76,30.11599857,153.7952748,35.3712868,76.69218227
91201083.94,29.86393594,153.191853,35.18841611,74.73243086
92257142.72,29.61111517,152.5922486,35.00427709,72.75002904
93325430.08,29.35754385,151.9964762,34.81878216,70.74464396
94406087.63,29.10322958,151.4045495,34.63183916,68.71595786
95499258.6,28.84818003,150.8164818,34.44335129,66.66366999
96605087.9,28.59240288,150.2322857,34.25321703,64.58749882
97723722.1,28.33590582,149.651973,34.06133018,62.48718425
98855309.47,28.07869662,149.0755548,33.8675798,60.36248999
100000000,27.82078301,148.5030418,33.67185025,58.21320599